date,spot,perp,basis_bps,pair
2021-01-01,1.50745,1.50245,-33.16859597333174,SOLUSDT
2021-01-03,1.7984499999999999,1.79875,1.6681030887719372,SOLUSDT
2021-01-04,2.2329499999999998,2.1835500000000003,-221.23200250789068,SOLUSDT
2021-01-05,2.4718,2.4428,-117.32340804272157,SOLUSDT
2021-01-08,2.39055,2.39385,13.804354646419688,SOLUSDT
2021-01-12,3.1029999999999998,3.09495,-25.942636158555885,SOLUSDT
2021-01-16,3.24715,3.24575,-4.311473137982063,SOLUSDT
2021-01-22,2.9916,2.987,-15.376387217542243,SOLUSDT
2022-05-12,50.995,50.855000000000004,-27.453671928619173,SOLUSDT
2022-05-13,44.585,44.455,-29.157788493888653,SOLUSDT
2022-05-14,48.925,49.155,47.010730710271645,SOLUSDT
2022-05-15,52.435,52.405,-5.72136931438946,SOLUSDT
2022-05-19,49.915,50.135000000000005,44.07492737654131,SOLUSDT
2022-05-21,49.425,49.465,8.09307030854957,SOLUSDT
2022-05-22,50.295,50.275000000000006,-3.976538423301724,SOLUSDT
2022-05-24,49.075,49.065,-2.037697401936855,SOLUSDT
2022-05-25,49.644999999999996,49.625,-4.028603081880556,SOLUSDT
2022-05-26,48.025000000000006,47.885000000000005,-29.15148360229059,SOLUSDT
2022-05-27,43.504999999999995,43.385000000000005,-27.583036432591737,SOLUSDT
2022-05-28,41.254999999999995,41.144999999999996,-26.66343473518348,SOLUSDT
2022-05-29,44.235,44.254999999999995,4.521306657623153,SOLUSDT
2022-05-30,45.045,44.925,-26.64002664002765,SOLUSDT
2022-05-31,47.125,47.125,0.0,SOLUSDT
2022-06-01,45.775000000000006,45.754999999999995,-4.369197160024081,SOLUSDT
2022-06-02,40.085,40.095,2.4946987651236148,SOLUSDT
2022-06-03,40.864999999999995,40.885000000000005,4.894163709778597,SOLUSDT
2022-06-04,38.285,38.295,2.611989029647412,SOLUSDT
2022-06-05,39.114999999999995,38.965,-38.34845967020107,SOLUSDT
2022-06-06,38.555,38.535,-5.1873946310473675,SOLUSDT
2022-06-07,42.415,42.355000000000004,-14.145938936695785,SOLUSDT
2022-06-08,39.315,39.295,-5.087116876509227,SOLUSDT
2022-06-09,38.835,38.805,-7.724990343762363,SOLUSDT
2022-06-10,39.965,39.945,-5.004378831478325,SOLUSDT
2022-06-11,37.165,37.125,-10.762814475985241,SOLUSDT
2022-06-12,33.935,33.915,-5.893620156181855,SOLUSDT
2022-06-13,30.605,30.564999999999998,-13.069759843163764,SOLUSDT
2022-06-14,28.595,28.575,-6.994229760447482,SOLUSDT
2022-06-15,29.525,29.494999999999997,-10.160880609653223,SOLUSDT
2022-06-16,34.980000000000004,34.685,-84.33390508862256,SOLUSDT
2022-06-17,30.064999999999998,30.045,-6.652253450855155,SOLUSDT
2022-06-18,30.695,30.634999999999998,-19.547157517511735,SOLUSDT
2022-06-19,32.305,32.215,-27.859464479181643,SOLUSDT
2022-06-20,34.254999999999995,34.275000000000006,5.838563713329509,SOLUSDT
2022-06-21,35.205,35.224999999999994,5.681011219996029,SOLUSDT
2022-06-22,36.405,36.364999999999995,-10.987501716798862,SOLUSDT
2022-06-23,34.125,34.055,-20.512820512820596,SOLUSDT
2022-06-24,38.135000000000005,38.125,-2.6222630129815427,SOLUSDT
2022-06-25,41.955,41.955,0.0,SOLUSDT
2022-06-26,42.265,42.2,-15.37915532946829,SOLUSDT
2022-06-27,39.345,39.345,0.0,SOLUSDT
2022-06-28,38.535,38.504999999999995,-7.785130400934511,SOLUSDT
2022-06-29,35.335,35.315,-5.660110372153141,SOLUSDT
2022-06-30,34.055,34.025000000000006,-8.809279107324631,SOLUSDT
2022-07-01,33.765,33.755,-2.961646675551018,SOLUSDT
2022-07-02,32.845,32.815,-9.13381032120601,SOLUSDT
2022-07-03,33.375,33.375,0.0,SOLUSDT
2022-07-04,33.425,33.385000000000005,-11.967090501119534,SOLUSDT
2022-07-05,36.745000000000005,36.685,-16.32875221118581,SOLUSDT
2022-07-06,35.405,35.375,-8.473379466177414,SOLUSDT
2022-07-07,37.045,37.015,-8.098258874342324,SOLUSDT
2022-07-08,38.535,38.455,-20.760347735824134,SOLUSDT
2022-07-09,38.215,38.195,-5.233547036504809,SOLUSDT
2022-07-10,38.085,38.045,-10.502822633582552,SOLUSDT
2022-07-11,36.655,36.675,5.4562815441265915,SOLUSDT
2022-07-12,33.385000000000005,33.325,-17.972143178074663,SOLUSDT
2022-07-13,32.765,32.735,-9.156111704563141,SOLUSDT
2022-07-14,34.945,34.915,-8.584919158678249,SOLUSDT
2022-07-15,37.144999999999996,37.125,-5.384304751647873,SOLUSDT
2022-07-16,37.364999999999995,37.345,-5.352602703063301,SOLUSDT
2022-07-17,39.585,39.565,-5.052418845523084,SOLUSDT
2022-07-18,38.614999999999995,38.585,-7.769001683282154,SOLUSDT
2022-07-19,43.525000000000006,43.545,4.595060310165656,SOLUSDT
2022-07-20,44.855000000000004,44.885000000000005,6.688217590012515,SOLUSDT
2022-07-21,42.035,42.004999999999995,-7.136909718092337,SOLUSDT
2022-07-22,43.105000000000004,43.125,4.6398329660123006,SOLUSDT
2022-07-23,40.495000000000005,40.504999999999995,2.4694406716856165,SOLUSDT
2022-07-24,39.974999999999994,39.955,-5.003126954345472,SOLUSDT
2022-07-25,40.894999999999996,40.905,2.445286709867983,SOLUSDT
2022-07-26,36.655,36.655,0.0,SOLUSDT
2022-07-27,36.265,36.224999999999994,-11.029918654351647,SOLUSDT
2022-07-28,40.235,40.275000000000006,9.941593140302288,SOLUSDT
2022-07-29,42.935,42.974999999999994,9.316408524511946,SOLUSDT
2022-07-30,41.945,41.945,0.0,SOLUSDT
2022-07-31,43.815,43.754999999999995,-13.693940431359643,SOLUSDT
2022-08-01,42.285,42.254999999999995,-7.09471443774415,SOLUSDT
2022-08-02,41.655,41.625,-7.202016564638371,SOLUSDT
2022-08-03,39.715,39.705,-2.5179403248155903,SOLUSDT
2022-08-04,38.474999999999994,38.515,10.396361273555884,SOLUSDT
2022-08-05,38.885000000000005,38.805,-20.57348592002196,SOLUSDT
2022-08-06,40.555,40.555,0.0,SOLUSDT
2022-08-07,40.055,40.035,-4.993134440145581,SOLUSDT
2022-08-08,40.625,40.585,-9.846153846153635,SOLUSDT
2022-08-09,42.175,42.144999999999996,-7.1132187314762625,SOLUSDT
2022-08-10,40.335,40.305,-7.4377091855711255,SOLUSDT
2022-08-11,42.465,42.445,-4.709760979631019,SOLUSDT
2022-08-12,42.795,42.754999999999995,-9.346886318496612,SOLUSDT
2022-08-13,45.485,45.455,-6.595580960756544,SOLUSDT
2022-08-14,46.625,46.575,-10.723860589811721,SOLUSDT
2022-08-15,44.864999999999995,44.864999999999995,0.0,SOLUSDT
2022-08-16,43.705,43.685,-4.576135453608516,SOLUSDT
2022-08-17,43.095,43.055,-9.28181923657017,SOLUSDT
2022-08-18,40.545,40.515,-7.399186089530431,SOLUSDT
2022-08-19,39.515,39.474999999999994,-10.122738200684868,SOLUSDT
2022-08-20,35.815,35.795,-5.58425240820774,SOLUSDT
2022-08-21,35.285,35.245000000000005,-11.336261867646888,SOLUSDT
2022-08-22,36.485,36.445,-10.963409620391708,SOLUSDT
2022-08-23,35.415,35.415,0.0,SOLUSDT
2022-08-24,35.685,35.655,-8.40689365279561,SOLUSDT
2022-08-25,34.905,34.845,-17.189514396218957,SOLUSDT
2022-08-26,35.245000000000005,35.224999999999994,-5.674563767913244,SOLUSDT
2022-08-27,31.695,31.705,3.155071777882319,SOLUSDT
2022-08-28,31.505000000000003,31.515,3.1740993493090017,SOLUSDT
2022-08-29,30.435000000000002,30.365000000000002,-22.999835715459266,SOLUSDT
2022-08-30,32.425,32.394999999999996,-9.252120277563959,SOLUSDT
2022-08-31,31.515,31.465,-15.865460891639128,SOLUSDT
2022-09-01,31.494999999999997,31.475,-6.350214319732028,SOLUSDT
2022-09-02,31.615000000000002,31.605,-3.1630555116247234,SOLUSDT
2022-09-03,31.225,31.205,-6.405124099280425,SOLUSDT
2022-09-04,31.115000000000002,31.105,-3.213883978788868,SOLUSDT
2022-09-05,32.185,32.165,-6.21407487960327,SOLUSDT
2022-09-06,32.195,32.185,-3.1060723714856375,SOLUSDT
2022-09-07,30.875,30.845,-9.71659919028377,SOLUSDT
2022-09-08,32.695,32.685,-3.0585716470402233,SOLUSDT
2022-09-09,33.614999999999995,33.595,-5.94972482522565,SOLUSDT
2022-09-10,34.675,34.665,-2.8839221341018058,SOLUSDT
2022-09-11,35.065,35.035,-8.55553971196382,SOLUSDT
2022-09-12,34.985,34.965,-5.716735743889101,SOLUSDT
2022-09-13,37.435,37.445,2.671296914651532,SOLUSDT
2022-09-14,32.995000000000005,32.965,-9.092286710107937,SOLUSDT
2022-09-15,34.095,34.025000000000006,-20.530869628975854,SOLUSDT
2022-09-16,33.085,33.075,-3.0225177572912227,SOLUSDT
2022-09-17,32.254999999999995,32.245000000000005,-3.100294527977339,SOLUSDT
2022-09-18,33.705,33.675,-8.900756564308304,SOLUSDT
2022-09-19,31.075,31.055,-6.436041834271786,SOLUSDT
2022-09-20,32.675,32.655,-6.120887528690443,SOLUSDT
2022-09-21,31.405,31.405,0.0,SOLUSDT
2022-09-22,30.675,30.655,-6.5199674001628605,SOLUSDT
2022-09-23,32.445,32.425,-6.164278008939166,SOLUSDT
2022-09-24,33.724999999999994,33.724999999999994,0.0,SOLUSDT
2022-09-25,33.364999999999995,33.345,-5.99430540985944,SOLUSDT
2022-09-26,32.335,32.315,-6.185248183084313,SOLUSDT
2022-09-27,33.875,33.864999999999995,-2.952029520296713,SOLUSDT
2022-09-28,32.695,32.665,-9.175714941122843,SOLUSDT
2022-09-29,33.224999999999994,33.235,3.0097817908217057,SOLUSDT
2022-09-30,33.955,33.935,-5.890148726254166,SOLUSDT
2022-10-01,33.215,33.185,-9.032063826584716,SOLUSDT
2022-10-02,32.425,32.405,-6.168080185041179,SOLUSDT
2022-10-03,32.065,32.055,-3.1186652112889477,SOLUSDT
2022-10-04,32.915,32.875,-12.152514051344113,SOLUSDT
2022-10-05,34.125,34.075,-14.65201465201382,SOLUSDT
2022-10-06,34.035,34.015,-5.876303804905546,SOLUSDT
2022-10-07,33.355000000000004,33.325,-8.99415380003032,SOLUSDT
2022-10-08,32.965,32.945,-6.067040800850333,SOLUSDT
2022-10-09,32.565,32.555,-3.0707815138946755,SOLUSDT
2022-10-10,32.925,32.894999999999996,-9.111617312073239,SOLUSDT
2022-10-11,31.905,31.925,6.268609935746615,SOLUSDT
2022-10-12,30.795,30.775,-6.494560805326555,SOLUSDT
2022-10-13,31.155,31.145,-3.209757663296923,SOLUSDT
2022-10-14,30.465,30.455,-3.2824552765473705,SOLUSDT
2022-10-15,30.005000000000003,29.965,-13.331111481420661,SOLUSDT
2022-10-16,29.595,29.575,-6.757898293630537,SOLUSDT
2022-10-17,30.165,30.134999999999998,-9.945300845350948,SOLUSDT
2022-10-18,31.215,31.195,-6.407176037161484,SOLUSDT
2022-10-19,30.134999999999998,30.115000000000002,-6.63680106188685,SOLUSDT
2022-10-20,28.845,28.835,-3.4668053388795323,SOLUSDT
2022-10-21,28.025,27.985,-14.272970561997912,SOLUSDT
2022-10-22,28.105,28.115000000000002,3.558085749867128,SOLUSDT
2022-10-23,27.994999999999997,28.035,14.288265761744134,SOLUSDT
2022-10-24,29.285,29.285,0.0,SOLUSDT
2022-10-25,28.305,28.285,-7.065889418830445,SOLUSDT
2022-10-26,30.935000000000002,30.915,-6.465168902538589,SOLUSDT
2022-10-27,31.285,31.265,-6.392840019178383,SOLUSDT
2022-10-28,30.575,30.555,-6.5412919051511285,SOLUSDT
2022-10-29,32.055,32.045,-3.11963812197723,SOLUSDT
2022-10-30,32.864999999999995,32.855000000000004,-3.0427506465817453,SOLUSDT
2022-10-31,32.945,32.935,-3.0353619669139507,SOLUSDT
2022-11-01,32.565,32.565,0.0,SOLUSDT
2022-11-02,32.215,32.205,-3.104144032284686,SOLUSDT
2022-11-03,30.775,30.705,-22.745735174654847,SOLUSDT
2022-11-04,30.855,30.795,-19.44579484686395,SOLUSDT
2022-11-05,33.724999999999994,33.805,23.721275018533852,SOLUSDT
2022-11-06,36.885000000000005,36.885000000000005,0.0,SOLUSDT
2022-11-07,32.614999999999995,32.595,-6.132147784760393,SOLUSDT
2022-11-08,29.535,29.525,-3.385813441679893,SOLUSDT
2022-11-09,24.335,23.725,-250.66776248202152,SOLUSDT
2022-05-12,0.5187999999999999,0.5184,-7.7101002313021585,ADAUSDT
2022-05-13,0.4722,0.47304999999999997,18.00084709868619,ADAUSDT
2022-05-14,0.53115,0.52855,-48.95039066177251,ADAUSDT
2022-05-19,0.50585,0.5059,0.9884353069090539,ADAUSDT
2022-05-27,0.47875,0.47845,-6.266318537859478,ADAUSDT
2022-05-28,0.45665,0.45635,-6.569582831490692,ADAUSDT
2022-05-29,0.46485,0.46415,-15.058621060556705,ADAUSDT
2022-05-30,0.48195,0.48175,-4.149808071376242,ADAUSDT
2022-06-13,0.49045,0.48935,-22.42838209807299,ADAUSDT
2022-06-14,0.46395,0.46385,-2.1554046772279123,ADAUSDT
2022-06-15,0.48285,0.48185,-20.710365537951766,ADAUSDT
2022-06-17,0.47555000000000003,0.4758,5.257070760171852,ADAUSDT
2022-06-18,0.48655,0.48605,-10.276436131949449,ADAUSDT
2022-06-19,0.4557,0.45575,1.0972130787797783,ADAUSDT
2022-06-20,0.48555,0.48514999999999997,-8.23808052723739,ADAUSDT
2022-06-21,0.49185,0.49055,-26.430822405205312,ADAUSDT
2022-06-22,0.48125,0.48095,-6.233766233766701,ADAUSDT
2022-06-23,0.45935,0.45885,-10.884946119516718,ADAUSDT
2022-06-24,0.47995,0.47965,-6.250651109489883,ADAUSDT
2022-06-25,0.49895,0.49805,-18.03787954704904,ADAUSDT
2022-06-26,0.49835,0.49885,10.033109260559856,ADAUSDT
2022-06-27,0.48975,0.48905,-14.293006636039488,ADAUSDT
2022-06-28,0.48545,0.48525,-4.119888763002946,ADAUSDT
2022-06-29,0.46935,0.46895,-8.522424629807425,ADAUSDT
2022-06-30,0.46625,0.46575,-10.723860589812341,ADAUSDT
2022-07-01,0.45994999999999997,0.4595,-9.783672138274824,ADAUSDT
2022-07-02,0.44905,0.44845,-13.361541031065348,ADAUSDT
2022-07-03,0.45605,0.45565,-8.770968095603802,ADAUSDT
2022-07-04,0.45625,0.45615,-2.191780821917567,ADAUSDT
2022-07-05,0.46935,0.46945,2.1306061574515605,ADAUSDT
2022-07-06,0.45715,0.45675,-8.749863283386448,ADAUSDT
2022-07-07,0.46225,0.46175,-10.816657652785299,ADAUSDT
2022-07-08,0.47805,0.47785,-4.183662796778119,ADAUSDT
2022-07-09,0.46655,0.46615,-8.573571964419921,ADAUSDT
2022-07-10,0.47815,0.47795,-4.18278782808812,ADAUSDT
2022-07-11,0.46185,0.46145,-8.660820612752104,ADAUSDT
2022-07-12,0.43415,0.43365,-11.516756881262246,ADAUSDT
2022-07-13,0.41765,0.41755,-2.394349335569125,ADAUSDT
2022-07-14,0.43785,0.43795,2.283887175973255,ADAUSDT
2022-07-15,0.44165,0.44125000000000003,-9.056945545113914,ADAUSDT
2022-07-16,0.44205,0.44165,-9.04875014138698,ADAUSDT
2022-07-17,0.45775,0.45765,-2.1845985800106824,ADAUSDT
2022-07-18,0.44784999999999997,0.44755,-6.6986714301656125,ADAUSDT
2022-07-19,0.49045,0.49005,-8.155775308390488,ADAUSDT
2022-07-21,0.49085,0.49045,-8.14912906183175,ADAUSDT
2022-07-22,0.49924999999999997,0.49905,-4.00600901351984,ADAUSDT
2022-07-23,0.48285,0.48255,-6.213109661385988,ADAUSDT
2022-07-26,0.47555000000000003,0.47525,-6.3084849122073905,ADAUSDT
2022-07-27,0.46765,0.46735,-6.4150539933715915,ADAUSDT
2022-08-03,0.49685,0.49615,-14.08875918285265,ADAUSDT
2022-08-05,0.49955,0.49915,-8.007206485837484,ADAUSDT
2022-08-20,0.44995,0.44965,-6.66740748972158,ADAUSDT
2022-08-21,0.45085,0.45025,-13.308195630475534,ADAUSDT
2022-08-22,0.46275,0.46235,-8.643976229065618,ADAUSDT
2022-08-23,0.46175,0.46125,-10.828370330265304,ADAUSDT
2022-08-24,0.46615,0.46565,-10.726161106939834,ADAUSDT
2022-08-25,0.45794999999999997,0.45745,-10.918222513373621,ADAUSDT
2022-08-26,0.46435,0.46395,-8.614191881124398,ADAUSDT
2022-08-27,0.43075,0.43085,2.3215322112591754,ADAUSDT
2022-08-28,0.44935,0.44935,0.0,ADAUSDT
2022-08-29,0.42925,0.42895,-6.988934187536924,ADAUSDT
2022-08-30,0.45045,0.45005,-8.880008880009134,ADAUSDT
2022-08-31,0.45325,0.45325,0.0,ADAUSDT
2022-09-01,0.44615,0.44565,-11.20699316373418,ADAUSDT
2022-09-02,0.45765,0.45725,-8.740303725554714,ADAUSDT
2022-09-03,0.45425,0.45405,-4.402861860208652,ADAUSDT
2022-09-04,0.48035,0.47995,-8.32726137191655,ADAUSDT
2022-09-06,0.49875,0.49845,-6.015037593985413,ADAUSDT
2022-09-07,0.46255,0.46255,0.0,ADAUSDT
2022-09-08,0.47865,0.47845,-4.178418468610331,ADAUSDT
2022-09-09,0.47915,0.47895,-4.1740582281129806,ADAUSDT
2022-09-14,0.46355,0.46325,-6.471793765505824,ADAUSDT
2022-09-15,0.48065,0.47985,-16.644127743680908,ADAUSDT
2022-09-16,0.46625,0.46595,-6.434316353887881,ADAUSDT
2022-09-17,0.47475,0.47425,-10.53185887309111,ADAUSDT
2022-09-18,0.48614999999999997,0.48575,-8.227913195514882,ADAUSDT
2022-09-19,0.44725,0.44735,2.2358859698165343,ADAUSDT
2022-09-20,0.45305,0.45225,-17.658095132988034,ADAUSDT
2022-09-21,0.44215,0.44205,-2.2616759018430166,ADAUSDT
2022-09-22,0.43925000000000003,0.43805,-27.31929425156595,ADAUSDT
2022-09-23,0.45845,0.45815,-6.5437888537468085,ADAUSDT
2022-09-24,0.46245,0.46235,-2.1623959346966046,ADAUSDT
2022-09-25,0.45085,0.45055,-6.654097815237152,ADAUSDT
2022-09-26,0.44625,0.44595,-6.7226890756295115,ADAUSDT
2022-09-27,0.44725,0.44684999999999997,-8.943543879262414,ADAUSDT
2022-09-28,0.44135,0.44055,-18.12620369321452,ADAUSDT
2022-09-29,0.43655,0.43595,-13.744130111098144,ADAUSDT
2022-09-30,0.43825000000000003,0.43805,-4.563605248146799,ADAUSDT
2022-10-01,0.43445,0.43425,-4.603521694095476,ADAUSDT
2022-10-02,0.43005,0.42985,-4.650622020694756,ADAUSDT
2022-10-03,0.41915,0.41925,2.385780746749111,ADAUSDT
2022-10-04,0.42755,0.42745,-2.3389077300897902,ADAUSDT
2022-10-05,0.43525,0.43525,0.0,ADAUSDT
2022-10-06,0.43085,0.43065,-4.641986770338482,ADAUSDT
2022-10-07,0.42875,0.42845,-6.99708454810548,ADAUSDT
2022-10-08,0.42385,0.42375,-2.359325232983107,ADAUSDT
2022-10-09,0.42185,0.42175,-2.370510845086855,ADAUSDT
2022-10-10,0.42295,0.42275,-4.728691334672608,ADAUSDT
2022-10-11,0.40105,0.40055,-12.467273407305832,ADAUSDT
2022-10-12,0.39075,0.39055,-5.118362124119718,ADAUSDT
2022-10-13,0.38134999999999997,0.38085,-13.111315064899566,ADAUSDT
2022-10-14,0.37685,0.37705,5.307151386492715,ADAUSDT
2022-10-15,0.36665000000000003,0.36615,-13.636983499251492,ADAUSDT
2022-10-16,0.36405,0.36375,-8.24062628759695,ADAUSDT
2022-10-17,0.37015,0.37005,-2.7016074564362826,ADAUSDT
2022-10-18,0.37235,0.37205,-8.056935678797435,ADAUSDT
2022-10-19,0.36225,0.36165,-16.563146997929312,ADAUSDT
2022-10-20,0.34975,0.34925,-14.295925661186574,ADAUSDT
2022-10-21,0.33995,0.33985,-2.9416090601555815,ADAUSDT
2022-10-22,0.34935,0.34895,-11.449835408616329,ADAUSDT
2022-10-23,0.35125,0.35105,-5.6939501779368955,ADAUSDT
2022-10-24,0.36214999999999997,0.36185,-8.283860278889051,ADAUSDT
2022-10-25,0.35755,0.35725,-8.390434904208277,ADAUSDT
2022-10-26,0.40125,0.40085,-9.968847352025207,ADAUSDT
2022-10-27,0.40265,0.40235,-7.450639513225443,ADAUSDT
2022-10-28,0.38815,0.38785000000000003,-7.728970758726445,ADAUSDT
2022-10-29,0.40455,0.40445,-2.471882338401792,ADAUSDT
2022-10-30,0.42025,0.41995,-7.138607971446103,ADAUSDT
2022-10-31,0.40575,0.40555,-4.92914356130568,ADAUSDT
2022-11-01,0.40535,0.40535,0.0,ADAUSDT
2022-11-02,0.40065,0.40065,0.0,ADAUSDT
2022-11-03,0.38534999999999997,0.38515,-5.190086933955572,ADAUSDT
2022-11-04,0.38935,0.38905,-7.705149608320713,ADAUSDT
2022-11-05,0.42164999999999997,0.42175,2.371635242500759,ADAUSDT
2022-11-06,0.42645,0.42685,9.379763160980454,ADAUSDT
2022-11-07,0.40185,0.40155,-7.465472191115266,ADAUSDT
2022-11-08,0.40385,0.40385,0.0,ADAUSDT
2022-11-09,0.37165000000000004,0.37165,-1.4936405551260007e-12,ADAUSDT
2022-11-10,0.31515,0.31705,60.288751388228235,ADAUSDT
2022-11-11,0.36885,0.36865000000000003,-5.422258370610762,ADAUSDT
2022-11-12,0.35575,0.35555000000000003,-5.62192550948638,ADAUSDT
2022-11-13,0.33975,0.33935,-11.773362766740588,ADAUSDT
2022-11-14,0.32965,0.32945,-6.0670408008487176,ADAUSDT
2022-11-15,0.33215,0.33194999999999997,-6.021375884390591,ADAUSDT
2022-11-16,0.33694999999999997,0.33705,2.9677993767634514,ADAUSDT
2022-11-17,0.33255,0.33225,-9.02119981957668,ADAUSDT
2022-11-18,0.32515,0.32495,-6.151007227432815,ADAUSDT
2022-11-19,0.32595,0.32565,-9.203865623562585,ADAUSDT
2022-11-20,0.32805,0.32785,-6.0966316110359235,ADAUSDT
2022-11-21,0.31185,0.31185,0.0,ADAUSDT
2022-11-22,0.30475,0.30465,-3.2813781788365706,ADAUSDT
2022-11-23,0.31255,0.31245,-3.199488081906542,ADAUSDT
2022-11-24,0.31855,0.31825000000000003,-9.417673834561825,ADAUSDT
2022-11-25,0.31605,0.31615,3.164056320202151,ADAUSDT
2022-11-26,0.31475,0.31445,-9.531374106432628,ADAUSDT
2022-11-27,0.31355,0.31345,-3.1892840057403604,ADAUSDT
2022-11-28,0.31235,0.31215,-6.4030734752692,ADAUSDT
2022-11-29,0.30635,0.30625,-3.264240248081899,ADAUSDT
2022-11-30,0.30915,0.30905,-3.234675723758337,ADAUSDT
2022-12-01,0.31895,0.31884999999999997,-3.1352876626444424,ADAUSDT
2022-12-02,0.31455,0.31445,-3.1791448100457473,ADAUSDT
2022-12-03,0.31915,0.31895,-6.266645777846717,ADAUSDT
2022-12-04,0.31965,0.31945,-6.256843422492663,ADAUSDT
2022-12-05,0.32215,0.32205,-3.104144032282756,ADAUSDT
2022-12-06,0.31955,0.31935,-6.2588014395236415,ADAUSDT
2022-12-07,0.31835,0.31805,-9.42359038793851,ADAUSDT
2022-12-08,0.31025,0.30995,-9.669621273167524,ADAUSDT
2022-12-09,0.31445,0.31425000000000003,-6.360311655270408,ADAUSDT
2022-12-10,0.31185,0.31165,-6.413339746674153,ADAUSDT
2022-12-11,0.31255,0.31235,-6.398976163813084,ADAUSDT
2022-12-12,0.30725,0.30695,-9.764035801465337,ADAUSDT
2022-12-13,0.30695,0.30665,-9.77357875875623,ADAUSDT
2022-12-14,0.31415,0.31395,-6.366385484640394,ADAUSDT
2022-12-15,0.30795,0.30785,-3.2472804026624122,ADAUSDT
2022-12-16,0.30025,0.30005,-6.6611157368870435,ADAUSDT
2022-12-17,0.26305,0.26285000000000003,-7.603117278083177,ADAUSDT
2022-12-18,0.26745,0.26725,-7.4780332772493345,ADAUSDT
2022-12-19,0.26635,0.26615,-7.508916838745185,ADAUSDT
2022-12-20,0.25285,0.25275000000000003,-3.954913980620486,ADAUSDT
2022-12-21,0.25855,0.25845,-3.867723844517075,ADAUSDT
2022-12-22,0.25335,0.25305,-11.841326228538483,ADAUSDT
2022-12-23,0.25675,0.25675,0.0,ADAUSDT
2022-12-24,0.25945,0.25934999999999997,-3.854307188284621,ADAUSDT
2022-12-25,0.25915,0.25895,-7.717538105343545,ADAUSDT
2022-12-26,0.25915,0.25905,-3.8587690526717724,ADAUSDT
2022-12-27,0.26565,0.26555,-3.764351590438132,ADAUSDT
2022-12-28,0.26034999999999997,0.26015,-7.681966583444518,ADAUSDT
2022-12-29,0.24825,0.24805,-8.056394763343635,ADAUSDT
2022-12-30,0.24385,0.24375,-4.100881689563942,ADAUSDT
2022-12-31,0.24585,0.24575,-4.067520846045016,ADAUSDT
2023-01-01,0.24575,0.24555,-8.13835198372353,ADAUSDT
2023-01-02,0.24995,0.24985000000000002,-4.000800160031566,ADAUSDT
2023-01-03,0.25375000000000003,0.25335,-15.763546798030006,ADAUSDT
2023-01-04,0.25295,0.25285,-3.953350464518244,ADAUSDT
2023-01-05,0.26775,0.26755,-7.4696545284772355,ADAUSDT
2023-01-06,0.26935,0.26925,-3.712641544458474,ADAUSDT
2023-01-07,0.27885,0.27865,-7.172314864621768,ADAUSDT
2023-01-08,0.27725,0.27715,-3.6068530207390075,ADAUSDT
2023-01-09,0.29695,0.29695,0.0,ADAUSDT
2023-01-10,0.31705,0.31675,-9.46222993218806,ADAUSDT
2023-01-11,0.32225,0.32235,3.1031807602806674,ADAUSDT
2023-01-12,0.32305,0.32305,0.0,ADAUSDT
2023-01-13,0.32935000000000003,0.32935000000000003,0.0,ADAUSDT
2023-01-14,0.34555,0.34565,2.8939372015624074,ADAUSDT
2023-01-15,0.35245,0.35225,-5.674563767909717,ADAUSDT
2023-01-16,0.35075,0.35095,5.702066999286613,ADAUSDT
2023-01-17,0.35045,0.35015,-8.560422314166557,ADAUSDT
2023-01-18,0.34515,0.34555,11.589164131537343,ADAUSDT
2023-01-19,0.32595,0.32595,0.0,ADAUSDT
2023-01-20,0.33795,0.33785,-2.959017606154431,ADAUSDT
2023-01-21,0.36515,0.36505,-2.7386005751058193,ADAUSDT
2023-01-22,0.36865000000000003,0.36875,2.7126000271257014,ADAUSDT
2023-01-23,0.37645,0.37645,0.0,ADAUSDT
2023-01-24,0.37505,0.37495,-2.666311158511905,ADAUSDT
2023-01-25,0.35835,0.35835,0.0,ADAUSDT
2023-01-26,0.37405,0.37385,-5.3468787595235385,ADAUSDT
2023-01-27,0.37995,0.37985,-2.6319252533225157,ADAUSDT
2023-01-28,0.38975,0.39065,23.091725465042,ADAUSDT
2023-01-29,0.38185,0.38175,-2.6188293832668452,ADAUSDT
2023-01-30,0.39815,0.39825,2.511616225040537,ADAUSDT
2023-01-31,0.37245,0.37224999999999997,-5.369848301786373,ADAUSDT
2023-02-01,0.38985000000000003,0.38995,2.565089136847223,ADAUSDT
2023-02-02,0.39765,0.39785,5.029548598012774,ADAUSDT
2023-02-03,0.3984,0.39825,-3.765060240963441,ADAUSDT
2023-02-04,0.40365,0.40405,9.909575126966716,ADAUSDT
2023-02-05,0.39935,0.39935,0.0,ADAUSDT
2023-02-06,0.39235,0.39255,5.097489486428788,ADAUSDT
2023-02-07,0.38205,0.38205,0.0,ADAUSDT
2023-02-08,0.39925,0.39895,-7.51408891671802,ADAUSDT
2023-02-09,0.39435,0.39455,5.0716368708009005,ADAUSDT
2023-02-10,0.36185,0.36145,-11.05430426972534,ADAUSDT
2023-02-11,0.35795,0.35765,-8.381058807095041,ADAUSDT
2023-02-12,0.36865000000000003,0.36835,-8.137800081378609,ADAUSDT
2023-02-13,0.36415,0.36405,-2.7461211039403812,ADAUSDT
2023-02-14,0.35935,0.35905,-8.348406845694239,ADAUSDT
2023-02-15,0.38675,0.38645,-7.756948933418668,ADAUSDT
2023-02-16,0.41885,0.41915,7.16246866420013,ADAUSDT
2023-02-17,0.38734999999999997,0.38755,5.163289015103485,ADAUSDT
2023-02-18,0.40325,0.40325,0.0,ADAUSDT
2023-02-19,0.40605,0.40615,2.4627508927469273,ADAUSDT
2023-02-20,0.39935,0.39944999999999997,2.504069112307224,ADAUSDT
2023-02-21,0.40365,0.40395000000000003,7.43218134522538,ADAUSDT
2023-02-22,0.39255,0.39255,0.0,ADAUSDT
2023-02-23,0.38885000000000003,0.38885000000000003,0.0,ADAUSDT
2023-02-24,0.38234999999999997,0.38215,-5.23080946776456,ADAUSDT
2023-02-25,0.36575,0.36555,-5.4682159945327,ADAUSDT
2023-02-26,0.36195,0.36175,-5.525625086337284,ADAUSDT
2023-02-27,0.36905,0.36875,-8.128979813032569,ADAUSDT
2023-02-28,0.36465000000000003,0.36455,-2.7423556835333742,ADAUSDT
2023-03-01,0.35175,0.35155000000000003,-5.685856432124463,ADAUSDT
2023-03-02,0.36005,0.35995,-2.777392028884571,ADAUSDT
2023-03-03,0.35045,0.35025,-5.706948209444371,ADAUSDT
2023-03-04,0.34305,0.34275,-8.745080891998905,ADAUSDT
2023-03-05,0.33655,0.33625,-8.913980092111796,ADAUSDT
2023-03-06,0.33694999999999997,0.33665,-8.903398130285412,ADAUSDT
2023-03-07,0.33055,0.33025,-9.075782786265995,ADAUSDT
2023-03-08,0.33055,0.33035000000000003,-6.050521857509543,ADAUSDT
2023-03-09,0.31745,0.31735,-3.1501023783269484,ADAUSDT
2023-03-10,0.31005,0.30974999999999997,-9.675858732463231,ADAUSDT
2023-03-11,0.31465,0.31465,0.0,ADAUSDT
2023-03-12,0.30465,0.30485,6.564910553094813,ADAUSDT
2023-03-13,0.33025,0.33055,9.084027252082437,ADAUSDT
2023-03-14,0.34355,0.34345000000000003,-2.910784456410682,ADAUSDT
2023-03-15,0.34305,0.34325,5.8300539279981916,ADAUSDT
2023-03-16,0.32395,0.32395,0.0,ADAUSDT
2023-03-17,0.32475,0.32455,-6.15858352578839,ADAUSDT
2023-03-18,0.34945,0.34945,0.0,ADAUSDT
2023-03-19,0.33685,0.33694999999999997,2.9686804215522935,ADAUSDT
2023-03-20,0.34485,0.34465,-5.799623024502769,ADAUSDT
2023-03-21,0.33185,0.33165,-6.026819346089437,ADAUSDT
2023-03-22,0.37035,0.37075,10.800594032672105,ADAUSDT
2023-03-23,0.35975,0.35965,-2.7797081306459757,ADAUSDT
2023-03-24,0.37165,0.37155,-2.6907036189960714,ADAUSDT
2023-03-25,0.35914999999999997,0.35905,-2.7843519420851734,ADAUSDT
2023-03-26,0.35105,0.35085,-5.697194131889417,ADAUSDT
2023-03-27,0.35575,0.35545,-8.432888264231131,ADAUSDT
2023-03-28,0.34555,0.34515,-11.575748806251235,ADAUSDT
2023-03-29,0.36805,0.36785,-5.4340442874603445,ADAUSDT
2023-03-30,0.38105,0.38095,-2.624327516073717,ADAUSDT
2023-03-31,0.37615,0.37585,-7.9755416722043595,ADAUSDT
2023-04-01,0.39885,0.39895,2.5072082236440894,ADAUSDT
2023-04-02,0.39205,0.39195,-2.5506950644047692,ADAUSDT
2023-04-03,0.38155,0.38125,-7.862665443585965,ADAUSDT
2023-04-04,0.38715,0.38705,-2.5829781738341464,ADAUSDT
2023-04-05,0.38945,0.38925,-5.135447425857838,ADAUSDT
2023-04-06,0.39235,0.39215,-5.097489486427373,ADAUSDT
2023-04-07,0.38295,0.38285,-2.6113069591327585,ADAUSDT
2023-04-08,0.38345,0.38315,-7.823705828661429,ADAUSDT
2023-04-09,0.38555,0.38515,-10.374789262093412,ADAUSDT
2023-04-10,0.38945,0.38915,-7.703171138786043,ADAUSDT
2023-04-11,0.39595,0.39705,27.781285515847703,ADAUSDT
2023-04-12,0.40155,0.40125,-7.471049682480948,ADAUSDT
2023-04-13,0.40505,0.40505,0.0,ADAUSDT
